INSERT INTO EMPRESA VALUES
('123456789012', 'CALATAYUD LTDA', 6456740, 'AV. DEL MAESTRO #23'),
('223456789012', 'LIMPOR LTDA', 6434464,  'CALLE RAVELO #456'),
('323456789012', 'SIMACO S.A.', 6448676, 'AV. DEL EJERCITO #506'),
('423456789012', 'FABACEL', 6464562, 'AV. JUANA AZURDY #2345'),
('523456789012', 'YAMABOL', 6475743, 'AV. JAIME MENDOZA #672');

INSERT INTO ARTICULO VALUES
('A-1001', 'ARINA DE TRIGO', 'BLS', 120.00),
('A-1002', 'ARROZ GRANO DE ORO', 'CJA', 20.00),
('A-1003', 'AZUCAR SAN AURELIO', 'KRG', 50.00),
('A-1004', 'ACEITE FINO', 'LTS', 40.00),
('A-1005', 'CALDO MAGGI', 'PZA', 10.00);

INSERT INTO SUCURSAL VALUES
('123456789012', 'POTOSI', 'CALLE SUCRE #20', 6456740),
('223456789012', 'TARIJA', 'CALLE MOTO MENDEZ #45', 6434565),
('323456789012', 'LA PAZ', 'CALLE MURILLO #345', 62455678),
('423456789012', 'ORURO', 'AV. 6 DE AGOSTO #2007', 6324567),
('523456789012', 'COCHABAMBA', 'CALLE 25 DE MAYO #78', 6555742);

INSERT INTO PERSONAL VALUES
(123456, 'JULIO ORTIZ', 34, 'M', '1987-01-17', '123456789012'),
(223456, 'CARLOS PEREZ', 25, 'M', '1998-03-23', '223456789012'),
(323456, 'JUIS PERALES', 42, 'M', '1979-05-14', '323456789012'),
(423456, 'ANA MARIA LOPEZ', 36 , 'F', '1985-11-07', '423456789012'),
(523456, 'FABIANA RUIZ', 21, 'F', '2000-10-27', '523456789012');

INSERT INTO SOLICITUD VALUES
(1001, NOW(), 10, '', 123456, 'A-1001'),
(1002, NOW(), 20, '', 223456, 'A-1002'),
(1003, NOW(), 200, '', 323456, 'A-1003'),
(1004, NOW(), 15, '', 423456, 'A-1004'),
(1005, NOW(), 35, '', 523456, 'A-1005');


INSERT INTO COMPRA VALUES
('A-1001', '123456789012', 10, 1200.00, 1001),
('A-1002', '223456789012', 20, 400.00, 1002),
('A-1003', '323456789012', 20, 1000.00, 1003),
('A-1004', '423456789012', 15, 600.00, 1004),
('A-1005', '523456789012', 35, 350.00, 1005);